{
  "hash": "8f1251f3",
  "configHash": "017a4313",
  "lockfileHash": "377ad5d5",
  "browserHash": "390a1f19",
  "optimized": {
    "@angular/core": {
      "src": "../../../../../../node_modules/@angular/core/fesm2022/core.mjs",
      "file": "@angular_core.js",
      "fileHash": "acd1cdbd",
      "needsInterop": false
    },
    "@angular/platform-browser": {
      "src": "../../../../../../node_modules/@angular/platform-browser/fesm2022/platform-browser.mjs",
      "file": "@angular_platform-browser.js",
      "fileHash": "b9f5333f",
      "needsInterop": false
    },
    "@angular/router": {
      "src": "../../../../../../node_modules/@angular/router/fesm2022/router.mjs",
      "file": "@angular_router.js",
      "fileHash": "621f14e6",
      "needsInterop": false
    }
  },
  "chunks": {
    "chunk-OZSRUOYW": {
      "file": "chunk-OZSRUOYW.js"
    },
    "chunk-XEJBNXCQ": {
      "file": "chunk-XEJBNXCQ.js"
    }
  }
}