{
  "hash": "c2a11bb8",
  "configHash": "f70753d5",
  "lockfileHash": "e3dd5524",
  "browserHash": "4f1eef3a",
  "optimized": {
    "@angular/cdk/bidi": {
      "src": "../../../../../../node_modules/@angular/cdk/fesm2022/bidi.mjs",
      "file": "@angular_cdk_bidi.js",
      "fileHash": "9c9321f3",
      "needsInterop": false
    },
    "@angular/cdk/scrolling": {
      "src": "../../../../../../node_modules/@angular/cdk/fesm2022/scrolling.mjs",
      "file": "@angular_cdk_scrolling.js",
      "fileHash": "2a0b35ff",
      "needsInterop": false
    },
    "@angular/cdk/text-field": {
      "src": "../../../../../../node_modules/@angular/cdk/fesm2022/text-field.mjs",
      "file": "@angular_cdk_text-field.js",
      "fileHash": "1213c822",
      "needsInterop": false
    },
    "@angular/common": {
      "src": "../../../../../../node_modules/@angular/common/fesm2022/common.mjs",
      "file": "@angular_common.js",
      "fileHash": "125b5d55",
      "needsInterop": false
    },
    "@angular/common/http": {
      "src": "../../../../../../node_modules/@angular/common/fesm2022/http.mjs",
      "file": "@angular_common_http.js",
      "fileHash": "8ef6b337",
      "needsInterop": false
    },
    "@angular/core": {
      "src": "../../../../../../node_modules/@angular/core/fesm2022/core.mjs",
      "file": "@angular_core.js",
      "fileHash": "6ee2d8e9",
      "needsInterop": false
    },
    "@angular/forms": {
      "src": "../../../../../../node_modules/@angular/forms/fesm2022/forms.mjs",
      "file": "@angular_forms.js",
      "fileHash": "58bc4130",
      "needsInterop": false
    },
    "@angular/material/button": {
      "src": "../../../../../../node_modules/@angular/material/fesm2022/button.mjs",
      "file": "@angular_material_button.js",
      "fileHash": "9b3a2511",
      "needsInterop": false
    },
    "@angular/material/card": {
      "src": "../../../../../../node_modules/@angular/material/fesm2022/card.mjs",
      "file": "@angular_material_card.js",
      "fileHash": "55d8d6df",
      "needsInterop": false
    },
    "@angular/material/core": {
      "src": "../../../../../../node_modules/@angular/material/fesm2022/core.mjs",
      "file": "@angular_material_core.js",
      "fileHash": "16b0b6a0",
      "needsInterop": false
    },
    "@angular/material/datepicker": {
      "src": "../../../../../../node_modules/@angular/material/fesm2022/datepicker.mjs",
      "file": "@angular_material_datepicker.js",
      "fileHash": "21aab65c",
      "needsInterop": false
    },
    "@angular/material/form-field": {
      "src": "../../../../../../node_modules/@angular/material/fesm2022/form-field.mjs",
      "file": "@angular_material_form-field.js",
      "fileHash": "700c6257",
      "needsInterop": false
    },
    "@angular/material/icon": {
      "src": "../../../../../../node_modules/@angular/material/fesm2022/icon.mjs",
      "file": "@angular_material_icon.js",
      "fileHash": "69530d8b",
      "needsInterop": false
    },
    "@angular/material/input": {
      "src": "../../../../../../node_modules/@angular/material/fesm2022/input.mjs",
      "file": "@angular_material_input.js",
      "fileHash": "59f30215",
      "needsInterop": false
    },
    "@angular/material/select": {
      "src": "../../../../../../node_modules/@angular/material/fesm2022/select.mjs",
      "file": "@angular_material_select.js",
      "fileHash": "cdddb307",
      "needsInterop": false
    },
    "@angular/material/snack-bar": {
      "src": "../../../../../../node_modules/@angular/material/fesm2022/snack-bar.mjs",
      "file": "@angular_material_snack-bar.js",
      "fileHash": "52b317b4",
      "needsInterop": false
    },
    "@angular/platform-browser": {
      "src": "../../../../../../node_modules/@angular/platform-browser/fesm2022/platform-browser.mjs",
      "file": "@angular_platform-browser.js",
      "fileHash": "a202b5d5",
      "needsInterop": false
    },
    "@angular/platform-browser/animations": {
      "src": "../../../../../../node_modules/@angular/platform-browser/fesm2022/animations.mjs",
      "file": "@angular_platform-browser_animations.js",
      "fileHash": "83a3848a",
      "needsInterop": false
    },
    "@angular/router": {
      "src": "../../../../../../node_modules/@angular/router/fesm2022/router.mjs",
      "file": "@angular_router.js",
      "fileHash": "3d6bd983",
      "needsInterop": false
    }
  },
  "chunks": {
    "chunk-F3VUNUSG": {
      "file": "chunk-F3VUNUSG.js"
    },
    "chunk-JEOLWHJO": {
      "file": "chunk-JEOLWHJO.js"
    },
    "chunk-TZSOVVLJ": {
      "file": "chunk-TZSOVVLJ.js"
    },
    "chunk-NOYCASQ7": {
      "file": "chunk-NOYCASQ7.js"
    },
    "chunk-F7KJ5VKI": {
      "file": "chunk-F7KJ5VKI.js"
    },
    "chunk-AIWCZGDW": {
      "file": "chunk-AIWCZGDW.js"
    },
    "chunk-OIBNGD5S": {
      "file": "chunk-OIBNGD5S.js"
    },
    "chunk-RVVAC4CE": {
      "file": "chunk-RVVAC4CE.js"
    },
    "chunk-UDF5IA3Y": {
      "file": "chunk-UDF5IA3Y.js"
    },
    "chunk-K264G3EB": {
      "file": "chunk-K264G3EB.js"
    },
    "chunk-UDU42JBG": {
      "file": "chunk-UDU42JBG.js"
    },
    "chunk-UEKIETZP": {
      "file": "chunk-UEKIETZP.js"
    },
    "chunk-MBCEAYTQ": {
      "file": "chunk-MBCEAYTQ.js"
    },
    "chunk-CMNRSFVC": {
      "file": "chunk-CMNRSFVC.js"
    },
    "chunk-VQS52KUQ": {
      "file": "chunk-VQS52KUQ.js"
    },
    "chunk-IICF7PGT": {
      "file": "chunk-IICF7PGT.js"
    },
    "chunk-BWY54QHL": {
      "file": "chunk-BWY54QHL.js"
    },
    "chunk-M4JPWSRB": {
      "file": "chunk-M4JPWSRB.js"
    },
    "chunk-WPWJ2XL7": {
      "file": "chunk-WPWJ2XL7.js"
    },
    "chunk-CIGKH54X": {
      "file": "chunk-CIGKH54X.js"
    },
    "chunk-G7YGU3EQ": {
      "file": "chunk-G7YGU3EQ.js"
    },
    "chunk-M3HR6BUY": {
      "file": "chunk-M3HR6BUY.js"
    },
    "chunk-NFVHT7CW": {
      "file": "chunk-NFVHT7CW.js"
    },
    "chunk-ZKQDX6OC": {
      "file": "chunk-ZKQDX6OC.js"
    },
    "chunk-272KO6CZ": {
      "file": "chunk-272KO6CZ.js"
    },
    "chunk-UHVVTUXN": {
      "file": "chunk-UHVVTUXN.js"
    },
    "chunk-2E7ZNVMR": {
      "file": "chunk-2E7ZNVMR.js"
    },
    "chunk-OWVPZ6W6": {
      "file": "chunk-OWVPZ6W6.js"
    }
  }
}